level,A_in,A_out,velocity
1.1130836588968158,29.46572518292794,29.334414894583297,0.28241534346226754
