level,A_in,A_out,velocity
7.286985139757031,50.36287577992059,49.78275666477595,0.00033891012182532505
